{
  "时间": "2025-12-16 16:04:02",
  "总体统计": {
    "总样本数": 23772,
    "错误样本数": 1553,
    "错误率": 0.06532895843849908
  },
  "长度分析": {
    "所有样本平均长度": 43.828579841830724,
    "所有样本长度标准差": 34.25417119524136,
    "错误样本平均长度": 49.68061815840309,
    "错误样本长度标准差": 36.019344328801076,
    "所有样本长度分布": {
      "80-89": 953,
      "10-19": 4479,
      "50-59": 1664,
      "20-29": 3744,
      "30-39": 2860,
      "70-79": 1106,
      "40-49": 2189,
      "0-9": 2461,
      "90-99": 707,
      "60-69": 1424,
      "100-109": 577,
      "120-129": 421,
      "110-119": 504,
      "130-139": 450,
      "140-149": 190,
      "160-169": 7,
      "150-159": 30,
      "200-209": 1,
      "170-179": 4,
      "180-189": 1
    },
    "错误样本长度分布": {
      "20-29": 182,
      "10-19": 202,
      "120-129": 32,
      "80-89": 100,
      "0-9": 186,
      "130-139": 40,
      "70-79": 100,
      "60-69": 105,
      "90-99": 61,
      "40-49": 141,
      "50-59": 137,
      "110-119": 40,
      "30-39": 162,
      "100-109": 53,
      "140-149": 12
    }
  },
  "错误类型分析": {
    "假负例": 969,
    "假正例": 584
  },
  "真实标签分布": {
    "消极": 11964,
    "积极": 11808
  },
  "错误样本真实标签分布": {
    "积极": 969,
    "消极": 584
  },
  "高频词分析": {
    "所有样本Top20高频词": {
      "，": 35096,
      "的": 24590,
      "！": 15363,
      "了": 13689,
      "。": 11490,
      "@": 10588,
      "我": 10163,
      "你": 7468,
      "是": 6542,
      "哈哈": 6356,
      "?": 4971,
      "？": 4873,
      "泪": 4807,
      "#": 4345,
      "在": 4224,
      "嘻嘻": 4144,
      "啊": 4021,
      "都": 3605,
      "抓狂": 3354,
      "爱": 3255
    },
    "错误样本Top20高频词": {
      "，": 2465,
      "的": 1769,
      "！": 1082,
      "了": 1070,
      "我": 869,
      "。": 841,
      "你": 816,
      "哈哈": 737,
      "@": 736,
      "是": 451,
      "爱": 390,
      "嘻嘻": 380,
      "？": 375,
      "啊": 333,
      "?": 333,
      "#": 312,
      "回复": 311,
      "在": 265,
      "就": 256,
      "有": 249
    }
  }
}